round_num,n_samples,accuracy,calibration_accuracy,roc_auc,log_loss,brier_score,avg_confidence,model,dataset
1,624,0.6121794871794872,0.6114649681528662,0.6217537804076265,0.6690686747301972,0.23798629340502778,0.5058801028677745,logistic_regression,esta
2,624,0.6490384615384616,0.6495176848874598,0.6590853057199212,0.6530861263383374,0.23010715502836349,0.4933792957835216,logistic_regression,esta
3,624,0.655448717948718,0.6559485530546624,0.6929137902695596,0.6453341724064472,0.22573854109212532,0.49869778189819797,logistic_regression,esta
4,624,0.6762820512820513,0.6797385620915033,0.7186164529914529,0.6273331441323958,0.21674647774465705,0.49434704859131967,logistic_regression,esta
5,624,0.6939102564102564,0.6932907348242812,0.7391929651545036,0.6140276803451553,0.20962425963165293,0.4968995454498231,logistic_regression,esta
6,622,0.6832797427652733,0.6826923076923077,0.7575190496376175,0.59618097720463,0.2023557584148336,0.4973113408079185,logistic_regression,esta
7,620,0.6870967741935484,0.6870967741935484,0.7689073881373569,0.5846781425472363,0.1984669490446233,0.4968733121798532,logistic_regression,esta
8,620,0.7193548387096774,0.7193548387096774,0.7892091571279917,0.5584747496785342,0.18875975766678477,0.4975360735720046,logistic_regression,esta
9,620,0.7370967741935484,0.7378640776699029,0.8123933402705517,0.5340679404239905,0.17728234747855207,0.49668906928104056,logistic_regression,esta
10,620,0.7258064516129032,0.7258064516129032,0.8136108220603537,0.5354365809772098,0.17824400340898464,0.4975252760055221,logistic_regression,esta
11,620,0.7306451612903225,0.729903536977492,0.8320187304890738,0.5051093931117774,0.1680258849697404,0.49723135210352876,logistic_regression,esta
12,620,0.7693548387096775,0.7684887459807074,0.8439958376690947,0.4922169501574246,0.16183935217986387,0.49814801991668023,logistic_regression,esta
13,620,0.7951612903225806,0.7961165048543689,0.8660457856399585,0.4594256759733262,0.14820954836712597,0.49805734664888585,logistic_regression,esta
14,620,0.7548387096774194,0.7548387096774194,0.8593340270551509,0.4682092015725745,0.1515571453439891,0.49804347234556723,logistic_regression,esta
15,620,0.782258064516129,0.7850162866449512,0.8578980228928199,0.4698178909373958,0.15359852379460867,0.4944515508782295,logistic_regression,esta
16,620,0.7870967741935484,0.7763975155279503,0.8663267429760666,0.45721729029199953,0.14971665940242435,0.5118259491534957,logistic_regression,esta
17,620,0.7903225806451613,0.7866242038216561,0.8824245577523413,0.428184844433664,0.14108041142037056,0.5060185725412991,logistic_regression,esta
18,618,0.7783171521035599,0.7704402515723271,0.8806568846157874,0.4309505936048509,0.14279275982426548,0.5080219586139726,logistic_regression,esta
19,602,0.7973421926910299,0.7934426229508197,0.8861491595015508,0.4213901335078499,0.13949476261716087,0.5061006906389581,logistic_regression,esta
20,592,0.8158783783783784,0.8106312292358804,0.9016617969320672,0.3961658025727909,0.12831958134478727,0.5055936861140341,logistic_regression,esta
21,582,0.8230240549828178,0.8154362416107382,0.9120463858480652,0.3792752125819677,0.12100445034437521,0.506933849194348,logistic_regression,esta
22,546,0.8315018315018315,0.8267148014440433,0.919762776905634,0.3692647109963341,0.11722700526279714,0.5061043999771182,logistic_regression,esta
23,502,0.8087649402390438,0.803921568627451,0.9111760130791575,0.3827926959079244,0.12296483040202745,0.5055251947201927,logistic_regression,esta
24,450,0.8222222222222222,0.8138528138528138,0.9125728395061727,0.3920748694263514,0.12322565233049623,0.5063374562826679,logistic_regression,esta
25,406,0.8374384236453202,0.8341463414634146,0.917469484821277,0.3879219193932706,0.12004846062298025,0.5055515869404288,logistic_regression,esta
26,350,0.8514285714285714,0.847457627118644,0.929861224489796,0.38988570404078216,0.11916951428314247,0.5021887745988552,logistic_regression,esta
27,288,0.8229166666666666,0.8206896551724138,0.9266975308641976,0.41365909882295365,0.1271839482899678,0.5023639177742827,logistic_regression,esta
28,226,0.8805309734513275,0.8706896551724138,0.9169864515623776,0.42477011584842894,0.13192726075700606,0.4933883945272801,logistic_regression,esta
29,150,0.86,0.8461538461538461,0.9488000000000001,0.4268346542265664,0.1322355054269049,0.48137135343832105,logistic_regression,esta
30,88,0.8522727272727273,0.8444444444444444,0.9633264462809917,0.3906279062027913,0.11474690894923482,0.4531523146986222,logistic_regression,esta
1,624,0.5897435897435898,0.5828402366863905,0.5839702498356344,0.7035924566838783,0.2525665430181731,0.5096688659756375,random_forest,esta
2,624,0.6410256410256411,0.6410256410256411,0.6521922255095332,0.660730916344933,0.23331296096816836,0.4985671212617571,random_forest,esta
3,624,0.6314102564102564,0.6314102564102564,0.6392998027613412,0.6732659685519125,0.23826999147759764,0.4966362611053168,random_forest,esta
4,624,0.6298076923076923,0.6269592476489029,0.6794101331360947,0.6513709667715495,0.22822272668910615,0.49942033792867424,random_forest,esta
5,624,0.6426282051282052,0.6440129449838188,0.7090986604207759,0.6277794420399488,0.21773113281253542,0.49946444155145375,random_forest,esta
6,622,0.657556270096463,0.6601307189542484,0.7287455671467417,0.6136147139774486,0.2114228332284041,0.4993364071720126,random_forest,esta
7,620,0.6758064516129032,0.6752411575562701,0.7464828303850156,0.5987342966069455,0.20507602280426176,0.49566843991831083,random_forest,esta
8,620,0.6983870967741935,0.6927899686520376,0.7650884495317378,0.5813143000271874,0.19749368791183977,0.5017799448159165,random_forest,esta
9,620,0.7403225806451613,0.7442622950819672,0.8042247658688866,0.5417249354580408,0.18030460879052296,0.4983147707523034,random_forest,esta
10,620,0.7338709677419355,0.7287066246056783,0.8055567117585849,0.5385947333477203,0.18015594333402551,0.5011947883031939,random_forest,esta
11,620,0.7241935483870968,0.7206349206349206,0.8235379812695109,0.5125763091484256,0.17116387013985201,0.49971624586621105,random_forest,esta
12,620,0.7645161290322581,0.759493670886076,0.8412695109261186,0.49283340944266446,0.1625245907287302,0.5013651237926845,random_forest,esta
13,620,0.7887096774193548,0.778816199376947,0.8672112382934443,0.45963510783202705,0.14861679259058252,0.5028410251731656,random_forest,esta
14,620,0.7564516129032258,0.7556270096463023,0.8531425598335067,0.4749058927814239,0.1558724668555042,0.499537234010706,random_forest,esta
15,620,0.7645161290322581,0.7645161290322581,0.8490530697190427,0.48492528248855865,0.15787422625393407,0.49677762552587007,random_forest,esta
16,620,0.782258064516129,0.7813504823151125,0.85945889698231,0.46924032989081715,0.15212065053404916,0.5035209827136944,random_forest,esta
17,620,0.7838709677419354,0.7838709677419354,0.8773673257023933,0.4381614157094796,0.14247972416571347,0.4971702977558103,random_forest,esta
18,618,0.7880258899676376,0.788961038961039,0.8798609147369634,0.4279967219587197,0.14196156512005909,0.5006761352286931,random_forest,esta
19,602,0.7956810631229236,0.7966666666666666,0.8897252789704309,0.4094968437308302,0.13594672766092772,0.5002940711583851,random_forest,esta
20,592,0.8277027027027027,0.8277027027027027,0.9020156135865596,0.39282651266202345,0.12679267622292695,0.4971455405837563,random_forest,esta
21,582,0.845360824742268,0.845360824742268,0.9192380817420673,0.359981244169065,0.11438336012780158,0.49975235177034566,random_forest,esta
22,546,0.826007326007326,0.8296296296296296,0.9186222812596438,0.3600484870324517,0.11584787418988911,0.5004581028899542,random_forest,esta
23,502,0.798804780876494,0.8,0.9097950826177362,0.37450087731728915,0.12418344131327726,0.5007082980324499,random_forest,esta
24,450,0.8244444444444444,0.8201754385964912,0.916641975308642,0.3661799411484827,0.12046671489483618,0.5017036788219187,random_forest,esta
25,406,0.8300492610837439,0.8316831683168316,0.9188041447256667,0.36697434467986656,0.11325334837180158,0.49870281397460514,random_forest,esta
26,350,0.8428571428571429,0.8370786516853933,0.9341714285714285,0.32853720104597717,0.10463066504374627,0.4998006599884774,random_forest,esta
27,288,0.8368055555555556,0.8391608391608392,0.9265046296296298,0.34141073974017483,0.10857701372791893,0.5006770711686076,random_forest,esta
28,226,0.8628318584070797,0.8660714285714286,0.927167358446237,0.3353862059566405,0.10734483040206094,0.5007451395084526,random_forest,esta
29,150,0.8666666666666667,0.8666666666666667,0.9388444444444445,0.31322552450578967,0.10097274567069275,0.5059746874281114,random_forest,esta
30,88,0.875,0.9024390243902439,0.9602272727272728,0.24205156557651863,0.07951883160175388,0.49012963950433286,random_forest,esta
1,624,0.5176282051282052,0.5173501577287066,0.5333456607495068,1.49749997193292,0.2918334508218496,0.5102986787598525,knn,esta
2,624,0.5849358974358975,0.583596214511041,0.6113473865877712,1.593064294580252,0.2638437082295687,0.5022351093134954,knn,esta
3,624,0.5961538461538461,0.5955414012738853,0.6264638806706115,1.3087701769655962,0.25662466620283736,0.49904678580957634,knn,esta
4,624,0.6025641025641025,0.6045751633986928,0.6312613001314925,1.6273601145426444,0.2570352278460538,0.49708366484754024,knn,esta
5,624,0.6217948717948718,0.6217948717948718,0.6696406558185404,1.5975373212680064,0.24319695015536086,0.5076206601705721,knn,esta
6,622,0.6591639871382636,0.653250773993808,0.7105075423124243,1.3341563177901268,0.22402732419423327,0.5132692700542042,knn,esta
7,620,0.6532258064516129,0.6527331189710611,0.7068262226847033,1.4610544848937146,0.22929436095446834,0.507541850351619,knn,esta
8,620,0.6790322580645162,0.6750788643533123,0.7297658688865765,1.2636944882421797,0.21607037422302974,0.5151882522818363,knn,esta
9,620,0.6967741935483871,0.6930379746835443,0.750353798126951,1.5154478683351968,0.20913222368123607,0.5023977108263182,knn,esta
10,620,0.7225806451612903,0.7284768211920529,0.7751925078043704,1.540768292029175,0.19816398302833899,0.4987102131245849,knn,esta
11,620,0.7306451612903225,0.726984126984127,0.7959625390218522,1.5080611951729632,0.18664093912348617,0.5053395062925513,knn,esta
12,620,0.7338709677419355,0.7217125382262997,0.809302809573361,1.4918604731080412,0.18194317616906486,0.5068598653565665,knn,esta
13,620,0.7596774193548387,0.7674418604651163,0.8310405827263267,1.3506197674079672,0.16851117507298197,0.4988944826043324,knn,esta
14,620,0.7387096774193549,0.7298136645962733,0.8156919875130073,1.3163859789246561,0.1772095955447891,0.5081995915597165,knn,esta
15,620,0.7532258064516129,0.7507987220447284,0.8296201873048908,1.3513703408390707,0.17046255366671137,0.4955931899366875,knn,esta
16,620,0.7629032258064516,0.768976897689769,0.8396253902185224,1.6105279842744686,0.16581825067142578,0.4965523440246317,knn,esta
17,620,0.7806451612903226,0.7919463087248322,0.8517793964620188,1.3180722235030011,0.15815756943957196,0.49951663267972946,knn,esta
18,618,0.7896440129449838,0.7934426229508197,0.8710528796305024,0.9629254138318505,0.14482522710322382,0.5098559103544775,knn,esta
19,602,0.7674418604651163,0.7523510971786834,0.855343760002649,1.2227771903419942,0.1565742256860095,0.5113408002920791,knn,esta
20,592,0.7820945945945946,0.7830508474576271,0.8634324780861943,1.3401812537641211,0.1523309155644832,0.49710306396739573,knn,esta
21,582,0.8195876288659794,0.8206896551724138,0.9016308262774411,0.8262515194958097,0.12621453420769746,0.49746589945954706,knn,esta
22,546,0.826007326007326,0.822463768115942,0.8820257886191953,1.2576843284352797,0.13672792687748347,0.49922780975077763,knn,esta
23,502,0.8047808764940239,0.7953667953667953,0.8842716782273298,1.3263640928720895,0.13736729002986892,0.5026854398947932,knn,esta
24,450,0.8266666666666667,0.8295964125560538,0.9077037037037037,0.8033785119762982,0.1220066138915592,0.4962250768233452,knn,esta
25,406,0.8325123152709359,0.8391959798994975,0.8941857361256037,1.3597561561249796,0.12617828966695857,0.4950383505590239,knn,esta
26,350,0.84,0.8361581920903954,0.9052081632653061,0.9312327024179954,0.12117021881967535,0.5047143207553747,knn,esta
27,288,0.8402777777777778,0.8356164383561644,0.9146894290123457,0.579235073376601,0.11472485500467888,0.49585052883914416,knn,esta
28,226,0.8053097345132744,0.8,0.8741483279818311,0.8683023336750207,0.145187341038965,0.5047919572932087,knn,esta
29,150,0.8333333333333334,0.8289473684210527,0.9100444444444444,0.36528783081763255,0.1213954192971552,0.5035161882523734,knn,esta
30,88,0.8522727272727273,0.8604651162790697,0.9560950413223142,0.2926490732718859,0.09174787332307922,0.457884551781202,knn,esta
1,624,0.6089743589743589,0.6089743589743589,0.6108131985535832,0.6707530824245834,0.23885877551999002,0.4789662718615765,mlp,esta
2,624,0.6474358974358975,0.6503267973856209,0.6654236522024983,0.6486199112649685,0.22812517754443581,0.48788643965996326,mlp,esta
3,624,0.6394230769230769,0.6389776357827476,0.6845003287310979,0.6407368869672101,0.2242207390176155,0.5015277190929952,mlp,esta
4,624,0.6810897435897436,0.6828478964401294,0.7226742274819198,0.6159157380606781,0.21266799013555163,0.4973075521087527,mlp,esta
5,624,0.6987179487179487,0.7026143790849673,0.7485720742932281,0.5952953350770911,0.2039204655021952,0.5012534143719606,mlp,esta
6,622,0.6913183279742765,0.6913183279742765,0.7588010876645197,0.584944542485488,0.19969953044582622,0.5012911424614873,mlp,esta
7,620,0.6854838709677419,0.6825396825396826,0.7652029136316336,0.5784635269798694,0.19725629597025895,0.5009749740148187,mlp,esta
8,620,0.7387096774193549,0.7356687898089171,0.7978147762747138,0.5453590426676052,0.18338788331029254,0.5010740480437469,mlp,esta
9,620,0.7403225806451613,0.7395498392282959,0.8168678459937566,0.5254436437592358,0.17438881691754776,0.5018059860119107,mlp,esta
10,620,0.7193548387096774,0.7151898734177216,0.8137356919875129,0.5291562636939018,0.17672144451975,0.5009788406359916,mlp,esta
11,620,0.7338709677419355,0.7272727272727273,0.834786680541103,0.49914759994450997,0.16558376632353472,0.5015466221818156,mlp,esta
12,620,0.7790322580645161,0.7763578274760383,0.8440582726326744,0.4899065169482042,0.16089460985289442,0.5017894317414345,mlp,esta
13,620,0.7919354838709678,0.7909967845659164,0.8659625390218522,0.45944580323434436,0.14796369384526833,0.5058686848798716,mlp,esta
14,620,0.7661290322580645,0.7635782747603834,0.859614984391259,0.4693292331672641,0.15170145442388644,0.5048614485338941,mlp,esta
15,620,0.7790322580645161,0.7817589576547231,0.8582622268470343,0.47424668200613124,0.154880120503867,0.5019788064174767,mlp,esta
16,620,0.7887096774193548,0.8013468013468014,0.8710405827263267,0.4503225265641018,0.14663230320337511,0.4879890354784863,mlp,esta
17,620,0.7919354838709678,0.7891373801916933,0.8831841831425599,0.4323711236160465,0.14209393118997954,0.49723799917172307,mlp,esta
18,618,0.7799352750809061,0.7746031746031746,0.8829714812371048,0.43400977792271805,0.14374037159176867,0.5036321819564272,mlp,esta
19,602,0.7906976744186046,0.7868852459016393,0.8874626107879604,0.4249686355728356,0.1403835561277872,0.5036568164563092,mlp,esta
20,592,0.8277027027027027,0.8211920529801324,0.9044124360847333,0.3929739647420177,0.1262718905602367,0.5050726407703162,mlp,esta
21,582,0.8281786941580757,0.8193979933110368,0.916817231728487,0.3644843644761842,0.11683362067749879,0.5063584150808053,mlp,esta
22,546,0.8351648351648352,0.8303249097472925,0.9234391981644728,0.35325262688958503,0.11381250829001652,0.5085466350101946,mlp,esta
23,502,0.8107569721115537,0.8,0.9132235996254028,0.379021664549636,0.1246263641234707,0.5097979940890588,mlp,esta
24,450,0.8244444444444444,0.8146551724137931,0.9175111111111112,0.3645395811187073,0.1178417282259522,0.5109274114388543,mlp,esta
25,406,0.8325123152709359,0.8169014084507042,0.9212065325535684,0.35655281889787066,0.11152120848441842,0.5127093137428255,mlp,esta
26,350,0.8514285714285714,0.8360655737704918,0.9325387755102041,0.33550377073830095,0.1048316916462578,0.5176712225640413,mlp,esta
27,288,0.8333333333333334,0.8243243243243243,0.9258777006172839,0.35735269849538653,0.11244356466725508,0.5192045777867941,mlp,esta
28,226,0.8628318584070797,0.8416666666666667,0.920353982300885,0.3662945704182245,0.11364852373499965,0.5234003263173475,mlp,esta
29,150,0.8333333333333334,0.8048780487804879,0.9452444444444443,0.35647775115170793,0.10881424773884665,0.5387675216234583,mlp,esta
30,88,0.8863636363636364,0.8541666666666666,0.9772727272727273,0.3148539803301806,0.08645640265629372,0.5422742227061969,mlp,esta
1,12684,0.5810469883317565,0.5810469883317565,0.5875336926285506,0.6797025869891714,0.24331016531862149,0.4997106251242558,logistic_regression,kaggle
2,12684,0.6050141911069064,0.6050141911069064,0.6180199087222275,0.6708554858211102,0.23893584701067982,0.4999025936690204,logistic_regression,kaggle
3,12684,0.6143172500788395,0.6143172500788395,0.6422524954896656,0.6640223817812638,0.23556556216799354,0.4999764447248141,logistic_regression,kaggle
4,12684,0.6346578366445916,0.6346578366445916,0.6725403946061561,0.6475388158194683,0.22778018256932805,0.500067481433313,logistic_regression,kaggle
5,12684,0.6393882056133712,0.6393882056133712,0.688903652334141,0.639079876651563,0.2238084017624712,0.5000780047547632,logistic_regression,kaggle
6,12684,0.6559444970040996,0.6559444970040996,0.7054422539449825,0.6272201782703495,0.2183780051659726,0.500081323420213,logistic_regression,kaggle
7,12684,0.663040050457269,0.663040050457269,0.718057764602559,0.6186929106982929,0.21456442763201655,0.5000786405705375,logistic_regression,kaggle
8,12684,0.6767581204667298,0.6767581204667298,0.731469153747782,0.608421316378687,0.20984960383191018,0.5000802636746043,logistic_regression,kaggle
9,12684,0.6835383159886471,0.6835383159886471,0.7416128066945387,0.6003873274699323,0.20632442167090384,0.500073159073337,logistic_regression,kaggle
10,12684,0.6901608325449385,0.6901608325449385,0.7536847450995953,0.5906437163685121,0.20176945362464127,0.5000706004808528,logistic_regression,kaggle
11,12684,0.695837275307474,0.695837275307474,0.7639166604758653,0.5813648298908516,0.19784635814807286,0.5000664548872094,logistic_regression,kaggle
12,12684,0.7023021128981394,0.7023021128981394,0.7713027589293981,0.5744127388535988,0.19502044297590687,0.5000600500915056,logistic_regression,kaggle
13,12684,0.706086408073163,0.706086408073163,0.778031886555479,0.5677799131906509,0.19222027067632716,0.5000575478775736,logistic_regression,kaggle
14,12684,0.7161778618732261,0.7161778618732261,0.785326913099348,0.5604443942711825,0.18901693300712533,0.5000566642890868,logistic_regression,kaggle
15,12684,0.7150741091138442,0.7150741091138442,0.789442329129655,0.5566993948360983,0.18743554077056912,0.5000790446116385,logistic_regression,kaggle
16,12684,0.7305266477451908,0.7305266477451908,0.8015393042295058,0.5434708312657652,0.18167328646048364,0.4997288074844668,logistic_regression,kaggle
17,12654,0.7341552078394183,0.7341552078394183,0.8074142496168399,0.5370080358418716,0.17890613693636004,0.49986971472994435,logistic_regression,kaggle
18,12494,0.7379542180246519,0.7379542180246519,0.8129121507697794,0.5303929406461506,0.17636335995016483,0.4999292775760001,logistic_regression,kaggle
19,12190,0.7355209187858901,0.7355209187858901,0.8131754332718019,0.5301872181120608,0.17639665536020144,0.49999720296751776,logistic_regression,kaggle
20,11758,0.7472359244769519,0.7472359244769519,0.8158465089516741,0.5275133538957782,0.1749479306092441,0.5000074788355414,logistic_regression,kaggle
21,11162,0.7428776204981186,0.7428776204981186,0.8144747513296466,0.5298908810702387,0.17583906896991422,0.5000146875413831,logistic_regression,kaggle
22,10496,0.741234756097561,0.741234756097561,0.8121792114185195,0.5344809697830464,0.17733029975094938,0.5000113679975429,logistic_regression,kaggle
23,9700,0.7418556701030928,0.7418556701030928,0.8140641088319693,0.5343445484173412,0.17740708444537837,0.5000132926605494,logistic_regression,kaggle
24,8800,0.7427272727272727,0.7427272727272727,0.8078486828512397,0.5448774858959742,0.18111244155479012,0.5000137511589274,logistic_regression,kaggle
25,7798,0.7350602718645807,0.7350602718645807,0.806870761674576,0.5519960434430989,0.1839983285666554,0.5000110026196712,logistic_regression,kaggle
26,6794,0.7435972917279953,0.7435972917279953,0.8025508489932371,0.5624668618615278,0.18846233758873682,0.500009096608259,logistic_regression,kaggle
27,5696,0.7317415730337079,0.7317415730337079,0.7949478887214367,0.5787697504404771,0.19545392869180003,0.5000059765998022,logistic_regression,kaggle
28,4638,0.7235877533419578,0.7235877533419578,0.7877248542655577,0.5920733104894303,0.20145327983948141,0.5000010501930093,logistic_regression,kaggle
29,3542,0.7419536984754376,0.7419536984754376,0.7888916131373107,0.601753746838563,0.20566667015134268,0.500003809188851,logistic_regression,kaggle
30,2362,0.6926333615580017,0.6926333615580017,0.7827269331448183,0.6088473643487984,0.20876739076343856,0.5000242169754182,logistic_regression,kaggle
1,12684,0.5770261747082939,0.5775273766068878,0.5840792254506878,0.6828218626403578,0.24470571799266516,0.4994495645221856,random_forest,kaggle
2,12684,0.5897193314411857,0.5894372838729959,0.5968867255394475,0.69310452027727,0.2472328901519123,0.49932732306571465,random_forest,kaggle
3,12684,0.5944497004099654,0.5943604284814115,0.6155023658806388,0.7027984583080182,0.24795004692016015,0.4980143606148292,random_forest,kaggle
4,12684,0.6035950804162725,0.6012950971322849,0.6271061653320891,0.7160049797566792,0.24767229107563096,0.499209549541246,random_forest,kaggle
5,12684,0.6121885840428887,0.6105328569209258,0.6392181699076134,0.7267928598206516,0.24717809309771765,0.5006366129305014,random_forest,kaggle
6,12684,0.6230684326710817,0.6192877884762341,0.6565835542877589,0.7413773656422594,0.24277400096315835,0.5017247488561651,random_forest,kaggle
7,12684,0.6281141595711132,0.6241405653170359,0.6668577361795704,0.7284875440253343,0.24057533225184644,0.498024883888903,random_forest,kaggle
8,12684,0.6346578366445916,0.6288084464555053,0.6764485928283569,0.7449552822659911,0.2387202276305036,0.49852478538662803,random_forest,kaggle
9,12684,0.6425417849258909,0.6366797701844572,0.68873494678049,0.7368622495920785,0.23448437772194775,0.4996971262374529,random_forest,kaggle
10,12684,0.6577578051087984,0.6516598453842656,0.699262056473833,0.7315643247640335,0.23135178822193234,0.5012788734374445,random_forest,kaggle
11,12684,0.6657994323557237,0.6604118993135012,0.7170464760615881,0.7073740405181471,0.22413430301385637,0.49885226962278645,random_forest,kaggle
12,12684,0.6723431094292022,0.6693523396343353,0.7242110606796992,0.716903625500326,0.22191779638800693,0.496511592053469,random_forest,kaggle
13,12684,0.6702144433932513,0.6653899187988356,0.7244698187741099,0.6981317578117079,0.2225443567840545,0.501112748305102,random_forest,kaggle
14,12684,0.6777830337432986,0.6742389120692319,0.7328168588898069,0.7002310099510259,0.21874179041099526,0.4989663093800978,random_forest,kaggle
15,12684,0.6818038473667613,0.6782622139764997,0.7379870482467801,0.6759744327037142,0.21673719879657105,0.5011930020378373,random_forest,kaggle
16,12684,0.7276095868811101,0.7268584001257269,0.7936620688653807,0.5604441034203702,0.18560080510026208,0.49897345806889953,random_forest,kaggle
17,12654,0.7046783625730995,0.7058823529411765,0.7651890491974344,0.6540798144017266,0.20344766702575695,0.49694977421901604,random_forest,kaggle
18,12494,0.704418120697935,0.7015467171717171,0.7637420788295014,0.6828023750901581,0.20506273778316406,0.5005042260929055,random_forest,kaggle
19,12190,0.7055783429040197,0.7048724656638325,0.765897651418846,0.7043488930794282,0.20540175166197694,0.5005749688692157,random_forest,kaggle
20,11758,0.7091342064977036,0.7034585470792653,0.768241582001792,0.7450140719665261,0.204611317316681,0.5011428534983002,random_forest,kaggle
21,11162,0.7099982082064146,0.7060478199718706,0.7664288545738781,0.7520266906623756,0.2047784365701146,0.5010927823547153,random_forest,kaggle
22,10496,0.7149390243902439,0.7133131618759455,0.7707630091660935,0.7008248566656253,0.2021354368991076,0.5007168370427882,random_forest,kaggle
23,9700,0.7116494845360825,0.7096181335511538,0.7659708151769582,0.7244191333982605,0.2050003818134698,0.49750110634987105,random_forest,kaggle
24,8800,0.7025,0.6987065120428189,0.7599361570247933,0.705510724912249,0.20769002709019263,0.49766043526932974,random_forest,kaggle
25,7798,0.7110797640420621,0.7104859335038363,0.7590377209194905,0.7705860895923445,0.20830609391331553,0.498385491759851,random_forest,kaggle
26,6794,0.707094495142773,0.706850926198177,0.7540454360282052,0.7436298981807354,0.21016761745734558,0.5002944799995266,random_forest,kaggle
27,5696,0.6968047752808989,0.6971508969398522,0.7478427720813344,0.7627946695332669,0.21246596210137209,0.4961136773176509,random_forest,kaggle
28,4638,0.6929711082363088,0.6903445342407486,0.7389378218927914,0.7492602551176738,0.2171099302997171,0.49816698470159354,random_forest,kaggle
29,3542,0.6852060982495765,0.6853107344632768,0.7435357464081104,0.732781069605346,0.2155477989745299,0.5004467317400032,random_forest,kaggle
30,2362,0.6850127011007621,0.6834592779177162,0.750470152233967,0.7591408260222414,0.21238975029781457,0.5026250124688492,random_forest,kaggle
1,12684,0.5486439608956165,0.5463870870417861,0.5624406963492969,0.7681261947462779,0.26240355344713845,0.5351480599012304,knn,kaggle
2,12684,0.5470671712393567,0.5455967464414203,0.5632843981561457,1.444302792119421,0.27774884252573623,0.5033995218298921,knn,kaggle
3,12684,0.5696941028066856,0.5741469816272966,0.586379978361533,1.8167566884592705,0.2707454275869875,0.5036095010579907,knn,kaggle
4,12684,0.5808893093661306,0.5852682145716573,0.5981997845700565,2.3608670298663723,0.27578758406380527,0.49858840461178267,knn,kaggle
5,12684,0.5939766635130873,0.599873477779535,0.6181607681009337,2.4449912373922755,0.27130540676558257,0.5040043916026844,knn,kaggle
6,12684,0.596893724377168,0.6032421811036516,0.6309210540055679,2.850153688169836,0.27024206500428805,0.505669577286531,knn,kaggle
7,12684,0.6069851781772312,0.6173999011369253,0.640126589208553,3.05504854193111,0.2681374874697124,0.49846335854770224,knn,kaggle
8,12684,0.6166035950804163,0.6286830538824678,0.6497543420391416,3.090344272365782,0.26546191666523383,0.49662721663232967,knn,kaggle
9,12684,0.6210974456007569,0.6314523885860853,0.6603553062527293,3.1217696546730416,0.2624744288139093,0.502258190701963,knn,kaggle
10,12684,0.6361557868180385,0.6419478039465308,0.6699907540754121,3.357021924782455,0.25968210411734277,0.5044504923199166,knn,kaggle
11,12684,0.6465625985493535,0.6556270096463023,0.6874120918633377,3.3168216708288125,0.25275043200109915,0.5007024074280588,knn,kaggle
12,12684,0.6552349416587827,0.6651465798045603,0.693003243283776,3.5734842167643426,0.2514374038299119,0.5015555624570333,knn,kaggle
13,12684,0.6505045726900032,0.6624499599679744,0.6950847821548982,3.6407330194522878,0.25083567105235505,0.5048639656150139,knn,kaggle
14,12684,0.6566540523494165,0.6654196486662329,0.6996222417742151,3.5804312634441606,0.2502677660442581,0.5013206725192997,knn,kaggle
15,12684,0.6624881740775781,0.6755215123859192,0.7004009401664266,3.994951758250479,0.25217135863885903,0.5025523872486052,knn,kaggle
16,12684,0.6993062125512457,0.7026767110113801,0.7574536751530868,1.7549401987645097,0.20756446411556756,0.4955759654122921,knn,kaggle
17,12654,0.6868183973447132,0.7005968169761273,0.7335859230246693,3.196793944541772,0.2298072124797409,0.4989169631102865,knn,kaggle
18,12494,0.6794461341443893,0.6926943699731903,0.729876513289209,3.478602007345779,0.23343452862165187,0.4990387333196474,knn,kaggle
19,12190,0.6873666940114849,0.6996381182147166,0.7364951031689257,3.4428765351723793,0.23095525988136661,0.5010528550870734,knn,kaggle
20,11758,0.6845551964619834,0.6971408400988351,0.7331968208100763,3.9241553517138814,0.23519209528572574,0.5037035169989335,knn,kaggle
21,11162,0.6941408349758108,0.7066001109262341,0.7348744898517094,3.789355478426486,0.23329239629114976,0.5028764420667354,knn,kaggle
22,10496,0.69140625,0.7005086071987481,0.7336295977155061,3.7583597407779106,0.23385619706380337,0.5058226302402845,knn,kaggle
23,9700,0.6923711340206186,0.7105887427215872,0.7341938569454778,3.840772412240309,0.23426459900193713,0.49764859924095034,knn,kaggle
24,8800,0.6903409090909091,0.6992957746478873,0.7271184917355372,3.6917449430751486,0.23765671457528562,0.49748318420388626,knn,kaggle
25,7798,0.6906899204924339,0.7068034557235421,0.7313806731012175,3.5891038964674755,0.23461416422621986,0.49891838932154664,knn,kaggle
26,6794,0.6835443037974683,0.689602909972719,0.7217265333686783,3.58166591560769,0.2412607357568151,0.5002342281119553,knn,kaggle
27,5696,0.6790730337078652,0.6934523809523809,0.7146630717594054,3.8602788558341485,0.24380235650105875,0.4979715811309989,knn,kaggle
28,4638,0.6705476498490729,0.6751361161524501,0.7024023566685094,4.131561674617984,0.2507601054590141,0.4995614234353923,knn,kaggle
29,3542,0.6727837380011293,0.6816302421736562,0.7188713258116445,3.3473402848517115,0.24194850700214768,0.5011523676269476,knn,kaggle
30,2362,0.6591871295512278,0.6730245231607629,0.7075369902083584,4.233195469118404,0.24680599313320725,0.5041638451705575,knn,kaggle
1,12684,0.5810469883317565,0.5810469883317565,0.5874459771774738,0.6797816144829452,0.2433490864014204,0.5047200208826528,mlp,kaggle
2,12684,0.6050141911069064,0.6050141911069064,0.614954716152502,0.6701067163038145,0.2385792251816944,0.5061407871603457,mlp,kaggle
3,12684,0.6054872280037843,0.6041083099906629,0.6441168963528572,0.6612650037809953,0.23433916746547312,0.5070857307312476,mlp,kaggle
4,12684,0.6345001576789656,0.6343307086614173,0.6723382114859305,0.6471006437002552,0.22758342388292588,0.5059717006675089,mlp,kaggle
5,12684,0.6457742037212236,0.6412960415711447,0.6896121634478974,0.6377783302945328,0.2232677176946315,0.507746566114045,mlp,kaggle
6,12684,0.6566540523494165,0.6554529807541856,0.7062142891453322,0.6266380690877378,0.21812264397179756,0.5056778278618905,mlp,kaggle
7,12684,0.6653263954588458,0.6628358440751669,0.7177483239834828,0.6183242119210727,0.21443739164704928,0.5056770435065889,mlp,kaggle
8,12684,0.6758120466729738,0.6741099312929419,0.7313589624554996,0.6081827842852693,0.20979969172461047,0.5042120394827576,mlp,kaggle
9,12684,0.6820403658152002,0.6810412419633056,0.7414642274610823,0.6001398433317364,0.20629753675999005,0.5036038086857454,mlp,kaggle
10,12684,0.6899243140964996,0.68852715604946,0.7538521453637959,0.5901952409784984,0.2017050224911735,0.5029936263623914,mlp,kaggle
11,12684,0.695679596341848,0.6977374123645634,0.7637399864409018,0.581351534388593,0.1979750996823718,0.5027249917977694,mlp,kaggle
12,12684,0.7015925575528225,0.7027112731885207,0.7712173308426918,0.5741114314152755,0.1949801889729508,0.5023447294186257,mlp,kaggle
13,12684,0.7055345316934721,0.7084599392291699,0.7784000403371734,0.5670820518080179,0.19204294873647562,0.502590868045112,mlp,kaggle
14,12684,0.7160201829076002,0.7140625,0.7854913174134761,0.559861728183089,0.18894724781287825,0.5032637470135525,mlp,kaggle
15,12684,0.7146799116997793,0.7168338907469343,0.7894291767845245,0.5560146212453042,0.1873966738808853,0.5060061255967198,mlp,kaggle
16,12684,0.7305266477451908,0.7305266477451908,0.8010810108877549,0.5428547700827652,0.1816199409949597,0.5072015113859771,mlp,kaggle
17,12654,0.7350244981823929,0.738837134596852,0.8073823492829757,0.536471928873569,0.1788959586558347,0.5022278012058871,mlp,kaggle
18,12494,0.7379542180246519,0.7379542180246519,0.8130265261437863,0.530178231809818,0.17639024978247755,0.5020559469699597,mlp,kaggle
19,12190,0.7361771944216571,0.7415673770766907,0.8127079378260936,0.5305801402326108,0.1766824474000376,0.5032711735405692,mlp,kaggle
20,11758,0.7473209729545841,0.7471948316899014,0.8154682247806236,0.5268052841691191,0.17476247962881208,0.5053731361199247,mlp,kaggle
21,11162,0.7410858269127396,0.7407407407407407,0.8147138551233594,0.5281628092537095,0.17524047486827335,0.505619931848239,mlp,kaggle
22,10496,0.741234756097561,0.741234756097561,0.8121856743916382,0.5313245352236412,0.17632804876074148,0.5060465884557456,mlp,kaggle
23,9700,0.7442268041237113,0.7427751588440255,0.8151227122967372,0.5276515786151665,0.17500037326914508,0.5058527063038474,mlp,kaggle
24,8800,0.7427272727272727,0.7427272727272727,0.8089824896694214,0.5343111797268846,0.17710956126846064,0.5070055397497228,mlp,kaggle
25,7798,0.7418568863811233,0.7343439363817097,0.8071897286452139,0.536790593721306,0.17815735075168343,0.5088818359358775,mlp,kaggle
26,6794,0.7421254047689138,0.7393075356415478,0.8023342905292545,0.5420517484570473,0.18055585821295317,0.5098777825074867,mlp,kaggle
27,5696,0.7315660112359551,0.7314847314847315,0.7927807977804254,0.5527235629015586,0.18474214334527206,0.5126458691193599,mlp,kaggle
28,4638,0.7253126347563605,0.7168949771689498,0.7854019544565108,0.5581443647788968,0.18732639200465467,0.515718675894067,mlp,kaggle
29,3542,0.7419536984754376,0.7419536984754376,0.7903542582181522,0.5521100631038136,0.18452152165736332,0.5209603660355343,mlp,kaggle
30,2362,0.6964436917866215,0.6589041095890411,0.785404452805893,0.5465911624338466,0.1836191184637028,0.5222604469472637,mlp,kaggle
1,13308,0.5817553351367598,0.5817553351367598,0.5923413638302315,0.678988457802194,0.24296510954762285,0.5006871952852624,logistic_regression,combined
2,13308,0.6108355876164713,0.6109189351782223,0.6223945198311418,0.6682504710963274,0.23768452751864608,0.499845960579531,logistic_regression,combined
3,13308,0.6183498647430117,0.6183676536900646,0.646633619657331,0.662584752336218,0.2348637101028428,0.5000844221641639,logistic_regression,combined
4,13308,0.6327772768259693,0.6328371673432567,0.6687650291188967,0.6500867475245454,0.2289373519344061,0.49982023502787853,logistic_regression,combined
5,13308,0.6365344153892396,0.6366782006920415,0.6908031142850406,0.6364330499877318,0.22261900337868845,0.49986543889012347,logistic_regression,combined
6,13308,0.6560715359182446,0.656141933543828,0.7069294260537763,0.6255114636169411,0.21769591936877994,0.49981235319330736,logistic_regression,combined
7,13306,0.6622576281376823,0.6624529721595185,0.718565973216686,0.6174749147235719,0.21404002654968826,0.499844737301245,logistic_regression,combined
8,13306,0.6718021944987224,0.6717763751127142,0.7276315326623998,0.6109734350052761,0.21119455808519455,0.4998380999522668,logistic_regression,combined
9,13306,0.6772884413046746,0.6772884413046746,0.73984803899851,0.6013317962489804,0.20689710489182217,0.4998267008083529,logistic_regression,combined
10,13306,0.6895385540357734,0.6895670475045099,0.7509071297949462,0.5918714865911181,0.2027211174323089,0.4998433003049221,logistic_regression,combined
11,13306,0.6983315797384638,0.6984508948714092,0.7615188206317465,0.5822233411810426,0.19854273690184668,0.499845272518849,logistic_regression,combined
12,13306,0.6984818878701338,0.6984818878701338,0.768667685936389,0.575581114250105,0.19577972047442913,0.4998343037400143,logistic_regression,combined
13,13306,0.7071246054411544,0.707218045112782,0.7767606367741982,0.5681902721357066,0.19259133870049386,0.4998677638329421,logistic_regression,combined
14,13306,0.7183977153163986,0.7184962406015037,0.7857368314499105,0.5595437476268305,0.18879065388801422,0.4998587643199738,logistic_regression,combined
15,13306,0.7174207124605441,0.7174860923169448,0.7866238369447989,0.5594795275262228,0.18848413643466327,0.49981686280547877,logistic_regression,combined
16,13306,0.7307229821133323,0.7302039592081584,0.7983584897062426,0.5469233662075181,0.1830641258008277,0.5008007628596577,logistic_regression,combined
17,13262,0.7329211280349872,0.7327807083647325,0.805837849900072,0.5388583682537118,0.17963580844068724,0.500150323034387,logistic_regression,combined
18,13104,0.7355769230769231,0.7353972853439072,0.8087932377366901,0.5363043192747254,0.17831070843086289,0.500256371468487,logistic_regression,combined
19,12742,0.7374038612462722,0.737329358230033,0.8149002845331891,0.5281456614854747,0.17524632712331195,0.5000547648591754,logistic_regression,combined
20,12348,0.7538062844185294,0.7538062844185294,0.8194262117205932,0.5230023198733112,0.17289612080779554,0.5001229790305983,logistic_regression,combined
21,11754,0.7514888548579207,0.751446070091868,0.8202569034094636,0.5232025437822229,0.17275770821401482,0.5001029425375925,logistic_regression,combined
22,11034,0.7522204096429219,0.75212900887842,0.8167564627717009,0.5290863985139225,0.1749323945241498,0.5000808091940466,logistic_regression,combined
23,10210,0.7556317335945152,0.7555816686251469,0.8196460231322444,0.5285811189274828,0.1744704550400703,0.5001104761208585,logistic_regression,combined
24,9320,0.7456008583690987,0.7455481656296932,0.816402609184181,0.5349799081395608,0.17718217708731296,0.500068278931148,logistic_regression,combined
25,8264,0.7369312681510165,0.7367021276595744,0.8112441007732252,0.5454223370824712,0.18153064645541148,0.5001091205278331,logistic_regression,combined
26,7192,0.7452725250278087,0.7452725250278087,0.8062953244304325,0.5571065324213643,0.18625269834040412,0.5001465266564185,logistic_regression,combined
27,6134,0.7337789370720574,0.7338551859099804,0.7952828627131759,0.5716130770201961,0.1925954689607306,0.5000569099144211,logistic_regression,combined
28,4842,0.7079719124328789,0.7078002476269087,0.7713220630238545,0.5969448491621938,0.20396303729337167,0.5001455591256921,logistic_regression,combined
29,3670,0.7193460490463215,0.7195853791598472,0.7659421333590716,0.6104623840651955,0.2099819579547894,0.500057894935356,logistic_regression,combined
30,2502,0.7118305355715427,0.712,0.786227932122727,0.6048998456772244,0.20695140643107374,0.5000535187597162,logistic_regression,combined
1,13308,0.5775473399458972,0.5769001490312966,0.5896624235280576,0.6809805645819516,0.24385999328138175,0.4997008514915182,random_forest,combined
2,13308,0.5962578899909828,0.5963302752293578,0.6073660333352937,0.6811881449852251,0.24315565027001926,0.49909995682423686,random_forest,combined
3,13308,0.5969341749323716,0.5958395245170877,0.6199930566904892,0.6844868677793369,0.24357799290408594,0.49834955812276494,random_forest,combined
4,13308,0.6017433122933574,0.5983439860546194,0.6333573803752829,0.6830415150874225,0.24223607979260275,0.4997643152201467,random_forest,combined
5,13308,0.6177487225728885,0.615782473769765,0.6564182045074098,0.6732607633346677,0.23683213922187205,0.49920440420178624,random_forest,combined
6,13308,0.6281935677787797,0.6239465271723337,0.6682103909962743,0.6716111614127575,0.2347440280729786,0.4986785379828731,random_forest,combined
7,13306,0.6371561701488051,0.632573005956705,0.6811020950079785,0.6664896429610367,0.23139402400191253,0.49944947925610633,random_forest,combined
8,13306,0.6408387193747181,0.6382821723730815,0.6860297301034834,0.6673063195761201,0.2309017887471765,0.4968890539671459,random_forest,combined
9,13306,0.6488050503532241,0.6447368421052632,0.7008353295908498,0.6554177094000891,0.2254484159370459,0.4979998588114529,random_forest,combined
10,13306,0.6619570118743424,0.6583394562821455,0.7109056694135197,0.6534567924338308,0.22285281147990751,0.49908982243900846,random_forest,combined
11,13306,0.6718021944987224,0.6683853859752504,0.7271727799542045,0.6363514054901876,0.21620683020898385,0.49905490632371724,random_forest,combined
12,13306,0.6749586652637908,0.6712268314210061,0.7285985157292274,0.640659693698082,0.2166346358383442,0.5006487845384135,random_forest,combined
13,13306,0.6829249962422967,0.6779239766081872,0.739771518084341,0.6310711886401067,0.2120636317289736,0.5014143441332316,random_forest,combined
14,13306,0.682173455583947,0.6768826619964974,0.7435530903887314,0.6295671521726557,0.21100182166806386,0.5001360321806361,random_forest,combined
15,13306,0.6890124755749286,0.686268700933195,0.7513798672819638,0.623167063290352,0.20771831185325573,0.4990399015732184,random_forest,combined
16,13306,0.7238088080565158,0.7219076005961251,0.790610854461175,0.5592901200218257,0.18689711232016526,0.49992375187926347,random_forest,combined
17,13262,0.7128638214447293,0.7135077900468916,0.7757948054818357,0.6022738236544982,0.19685621363430786,0.499101322001357,random_forest,combined
18,13104,0.7126068376068376,0.7106775559588627,0.7778628840041385,0.5997193731791683,0.19605124323652806,0.5009724271637568,random_forest,combined
19,12742,0.7161356145032177,0.7156279361102411,0.7796512908305842,0.6051896536820655,0.19603637176374333,0.5015743896612221,random_forest,combined
20,12348,0.7197926789763525,0.718097074895532,0.783789028129184,0.6001046643926025,0.19402839817491274,0.49887629846477755,random_forest,combined
21,11754,0.7300493449038625,0.7272268907563025,0.7888122627527752,0.5898462061994876,0.1910409556250191,0.499281231661683,random_forest,combined
22,11034,0.7209534167119811,0.7173680456490727,0.7823766269065553,0.6029063017781365,0.1943747177953753,0.49945788901111715,random_forest,combined
23,10210,0.7296767874632712,0.7270966492349409,0.7864504753746255,0.596576096945701,0.19203514176517877,0.4959926681463849,random_forest,combined
24,9320,0.7137339055793992,0.7092436974789916,0.7838797224115382,0.5931350696862068,0.19323437076953948,0.5019710629005867,random_forest,combined
25,8264,0.7175701839303001,0.7121283624351109,0.7777042554557304,0.6029245380007411,0.19623977042426355,0.5040762078965056,random_forest,combined
26,7192,0.7167686318131257,0.7100511991376988,0.7691852413570388,0.6099787938663952,0.20056868757634394,0.501938140273276,random_forest,combined
27,6134,0.7085099445712423,0.7082383588407685,0.7613235926816053,0.6252902433869958,0.20465581318681725,0.49681631174961255,random_forest,combined
28,4842,0.6840148698884758,0.6808769792935444,0.7332162250281127,0.6659632393697528,0.2187808736103904,0.49866809666618805,random_forest,combined
29,3670,0.6923705722070844,0.6937431394072447,0.7349529657210314,0.6601726210368184,0.21740210535539883,0.4940606569698725,random_forest,combined
30,2502,0.6802557953637091,0.6763096168881939,0.7561346606168303,0.6213094385338858,0.20696854101510376,0.5012197138275885,random_forest,combined
1,13308,0.5532010820559062,0.5463096015676029,0.5610696165816946,1.202195261713809,0.2734214272468873,0.5260844277994733,knn,combined
2,13308,0.551472798316802,0.55196017423771,0.5684406323321796,1.4451898611466,0.2741493740163402,0.5021176967306187,knn,combined
3,13308,0.5697324917342952,0.5736128625472888,0.5837481882845215,1.6864840369980998,0.2721440330541151,0.5050777678327351,knn,combined
4,13308,0.5761196272918545,0.5802180685358256,0.5988455725933376,2.1104331024589045,0.273217589312783,0.4976781592897266,knn,combined
5,13308,0.599263600841599,0.6012973299140142,0.6235102555992545,2.1398722727204276,0.2684381197990783,0.5030518790886704,knn,combined
6,13308,0.6015178839795612,0.6026272577996716,0.6311319731114005,2.598865108414976,0.26968692823126506,0.5029658770217696,knn,combined
7,13306,0.6072448519464904,0.6157725813846859,0.6441767550428628,2.793539442181274,0.2665242870441252,0.49824135411342363,knn,combined
8,13306,0.6240042086276868,0.6304448206864707,0.6533910411428352,2.8819001997832183,0.2635051137501924,0.49518000226555503,knn,combined
9,13306,0.6241545167593567,0.6291685876748118,0.6586566831461884,3.0686899279721147,0.2628589606474994,0.5005690367645049,knn,combined
10,13306,0.6359537050954457,0.640784075368485,0.670419282872742,3.298111310883012,0.259350267118967,0.5045251293600579,knn,combined
11,13306,0.6427175710205922,0.6526741293532339,0.6817359850432001,3.134070623402751,0.25422128402506594,0.500660985811569,knn,combined
12,13306,0.6437697279422817,0.6521405554703085,0.6863120577101893,3.3201639260854745,0.2534558389768047,0.5050114039347442,knn,combined
13,13306,0.6538403727641665,0.664203233256351,0.6973850429153099,3.2693863806526013,0.24909304799888213,0.5028697098296269,knn,combined
14,13306,0.6599278520967984,0.6667178620795576,0.6980321947682513,3.5835936467482825,0.25033871866535357,0.5013274863935223,knn,combined
15,13306,0.664812866376071,0.6762915561105042,0.706858804273396,3.6540115083325837,0.24786725081072114,0.4996345441068931,knn,combined
16,13306,0.6875845483240643,0.6880457693465823,0.7497037271514075,1.8905773842068905,0.21263080998063724,0.4987995981137831,knn,combined
17,13262,0.6901673955662796,0.700533082470994,0.7367026697946365,2.989726102549606,0.22821053896904298,0.5032631146374724,knn,combined
18,13104,0.6913156288156288,0.6983029541169076,0.7398332942918565,3.0864695386937746,0.22823401940099922,0.5015126185757771,knn,combined
19,12742,0.693768639146131,0.7010025873221216,0.7408199545297777,3.2531463502016003,0.22889808514951868,0.503423766985756,knn,combined
20,12348,0.6937965662455459,0.7039244908097367,0.7393861018268506,3.559954417979893,0.23208735828843435,0.5019159478905517,knn,combined
21,11754,0.69967670580228,0.7100209497206704,0.746532056439524,3.3543318172991636,0.22689163277025992,0.5011196181024254,knn,combined
22,11034,0.6962117092622803,0.7018221976808393,0.742344480811021,3.3213839127791136,0.23016094172397664,0.5012712349424991,knn,combined
23,10210,0.6994123408423114,0.7123231494771376,0.7422590822885899,3.2611291438696375,0.23046637403715006,0.4941619408524136,knn,combined
24,9320,0.6945278969957082,0.7058044581770029,0.741384143196596,3.2852771034252997,0.22899405518242244,0.5045551835357635,knn,combined
25,8264,0.6983301064859632,0.7030716723549488,0.7353290704899029,3.324059645255678,0.23237083217582022,0.5042128617744482,knn,combined
26,7192,0.6871523915461624,0.700945287883128,0.7270126026817585,3.377916297279044,0.237899194745378,0.49835097314624455,knn,combined
27,6134,0.6855233126834039,0.6967018021081265,0.7222529575062491,3.193136729014494,0.24135227619575553,0.49456869012220084,knn,combined
28,4842,0.6600578273440727,0.669681309216193,0.6928865405807405,3.8957835095267455,0.2570512775164446,0.49852551290647307,knn,combined
29,3670,0.6697547683923706,0.6826867400115808,0.699933624869143,3.310397877751618,0.25477848807742004,0.48936460977775464,knn,combined
30,2502,0.6642685851318945,0.6669477234401349,0.7109957118238264,4.274858783205086,0.2484360201131742,0.49834842401427354,knn,combined
1,13308,0.5809287646528404,0.5811605124340617,0.5880213659334159,0.6798246040831994,0.24337058970624667,0.49291354227498363,mlp,combined
2,13308,0.6112864442440638,0.6117061396892443,0.6227164909089218,0.6680782918101589,0.23758180265362058,0.4883058402096345,mlp,combined
3,13308,0.6151938683498648,0.6281558267848186,0.646589498405853,0.6603571331423902,0.23388170700337457,0.4857067186746775,mlp,combined
4,13308,0.6320258491133153,0.6328443973990625,0.6672896831301385,0.6504534441047527,0.22917163595707263,0.4846529882637791,mlp,combined
5,13308,0.6431469792605952,0.6563269325455441,0.6928118903825293,0.636184949472995,0.2225154500862923,0.4885279468465023,mlp,combined
6,13308,0.6544935377216712,0.6542617046818727,0.707518067014433,0.6261720866848963,0.21795771878556802,0.48866480128384754,mlp,combined
7,13306,0.6643619419810611,0.6700357642668325,0.7195039248767504,0.6176861758272907,0.21411966891098203,0.4901331657654695,mlp,combined
8,13306,0.6712009619720427,0.6697466467958271,0.7275334810629037,0.6110529094138509,0.21122817262463878,0.49090164024514366,mlp,combined
9,13306,0.6757853599879754,0.6809531177471763,0.7397745341876897,0.60144490108639,0.20697367272224648,0.49145733859871554,mlp,combined
10,13306,0.6884863971140839,0.6868852459016394,0.750993817349616,0.5919619804143774,0.20276312792366433,0.49253987253647724,mlp,combined
11,13306,0.6972042687509394,0.7002442002442002,0.7620389233672302,0.5821629693208461,0.19853257094114302,0.49324388518586504,mlp,combined
12,13306,0.6982564256726289,0.6966308884913536,0.7693995259047016,0.575006147225924,0.1955753986509514,0.49419034996675226,mlp,combined
13,13306,0.7056215241244551,0.7048517520215634,0.7772345716655413,0.5674517167728019,0.19241498844777818,0.4947664787115246,mlp,combined
14,13306,0.7180219449872238,0.716331096196868,0.7856874667621457,0.5588560952383783,0.18875674836674924,0.49611595869556696,mlp,combined
15,13306,0.719600180369758,0.7187780772686433,0.7877306452073135,0.5565585873538855,0.18770121337508427,0.4981359430815,mlp,combined
16,13306,0.7301217495866527,0.7311292270531401,0.7980520558652828,0.5459673047734359,0.18301225959969597,0.4966442196554243,mlp,combined
17,13262,0.7342783893832001,0.7389632364251654,0.8060940008839176,0.5377490165977691,0.17955529341889573,0.49133399012246587,mlp,combined
18,13104,0.7348137973137974,0.735424636572303,0.8089708112315712,0.5350028564188557,0.17819204016269632,0.49210660449864596,mlp,combined
19,12742,0.7377177837074242,0.7382413087934561,0.8147034485966506,0.5278349994825912,0.17528966864779752,0.49449138822233535,mlp,combined
20,12348,0.7545351473922902,0.7543291794788801,0.8203462166022408,0.5209848465941415,0.1722819654757462,0.496770725115985,mlp,combined
21,11754,0.7508082354942998,0.7458305537024683,0.8215955011488565,0.5195360504865604,0.17139746530957717,0.49803892530763555,mlp,combined
22,11034,0.7524016675729563,0.7518538614577681,0.8174368453116834,0.524411154772278,0.17315053708207226,0.49927055686145255,mlp,combined
23,10210,0.7570029382957885,0.7501906941266209,0.8202531941855702,0.5206507987822502,0.17151094103030626,0.5009508361936833,mlp,combined
24,9320,0.7453862660944206,0.7443898268860868,0.8167009431008123,0.5251373646535902,0.17375002444357387,0.5038828977011861,mlp,combined
25,8264,0.7377783155856728,0.730255448793063,0.8121426024445946,0.5317442491789994,0.17706005627894264,0.5070069661793913,mlp,combined
26,7192,0.7440211345939933,0.7423363711681856,0.8062890218522373,0.5392526592810419,0.17993287457426305,0.5108318381419378,mlp,combined
27,6134,0.7318226279752201,0.7315960912052117,0.7956140702444876,0.5514006643153707,0.18486625700623063,0.51370884295957,mlp,combined
28,4842,0.7050805452292441,0.6798261499456718,0.7696465646097814,0.5777334563946845,0.1957244613336138,0.5194405486967181,mlp,combined
29,3670,0.7168937329700272,0.7167755991285403,0.7605085790227858,0.5830357682308204,0.19792689748291764,0.5220367635785186,mlp,combined
30,2502,0.689048760991207,0.6359976998274871,0.7805982232599213,0.5494741473309346,0.18518660200449183,0.5344253861254157,mlp,combined
